Workbook

Sheet Инструкция
A1: План выхода сотрудников — как заполнять
A3: Зачем: по этому плану система сама считает, сколько людей сегодня на складе и на производстве,
A4: и какая мощность смены — чтобы рассчитывать срок готовности заказа без участия склада.
A6: Лист «Сотрудники» — заполнить один раз:
A7: • ФИО, отдел (склад или производство), должность
A8: • Норматив — сколько единиц этот человек собирает/упаковывает за смену (примерно)
A9: • Дни недели Пн–Вс: поставьте 1 в дни, когда человек обычно работает (пусто = выходной)
A10: • Активен — «да», пока человек в штате (уволился → «нет»)
A12: Лист «Отпуска и отсутствия» — отмечать заранее (отпуска) и по факту (больничные):
A13: • ФИО, тип, с какой даты по какую — система исключит человека из смены на эти дни
A15: Лист «План выхода» — НИЧЕГО заполнять не нужно, считается сам:
A16: • Поставьте дату вверху — увидите, кто сегодня работает и сколько мощности у склада и завода
A18: Дальше этот файл подключается к системе, и агент берёт из него число рук на любой день.

Sheet Сотрудники
A1: № | B1: ФИО | C1: Отдел | D1: Должность | E1: Норматив (шт/смена) | F1: Пн | G1: Вт | H1: Ср | I1: Чт | J1: Пт | K1: Сб | L1: Вс | M1: Активен
A2: 1 | B2: Иванов И. | C2: склад | D2: комплектовщик | E2: 800 | F2: 1 | G2: 1 | H2: 1 | I2: 1 | J2: 1 | M2: да
A3: 2 | B3: Петров П. | C3: склад | D3: комплектовщик | E3: 750 | F3: 1 | G3: 1 | H3: 1 | I3: 1 | J3: 1 | M3: да
A4: 3 | B4: Сидорова А. | C4: склад | D4: маркировка | E4: 600 | F4: 1 | G4: 1 | H4: 1 | I4: 1 | J4: 1 | K4: 1 | M4: да
A5: 4 | B5: Козлов В. | C5: производство | D5: фасовщик | E5: 1600 | F5: 1 | G5: 1 | H5: 1 | I5: 1 | J5: 1 | M5: да
A6: 5 | B6: Морозова Е. | C6: производство | D6: фасовщик | E6: 1500 | F6: 1 | G6: 1 | H6: 1 | I6: 1 | J6: 1 | M6: да
A7: 6 | B7: Новиков Д. | C7: производство | D7: оператор | E7: 1400 | F7: 1 | G7: 1 | H7: 1 | I7: 1 | J7: 1 | K7: 1 | L7: 1 | M7: да

Sheet Отпуска и отсутствия
A1: № | B1: ФИО | C1: Тип | D1: С даты | E1: По дату | F1: Примечание
A2: 1 | B2: Иванов И. | C2: отпуск | D2: 46204 | E2: 46217 | F2: плановый
A3: 2 | B3: Козлов В. | C3: больничный | D3: 46195 | E3: 46197

Sheet План выхода
A1: Дата расчёта: | B1: =TODAY() -> 46193 | C1: День недели: | D1: =CHOOSE(WEEKDAY($B$1,2),"Пн","Вт","Ср","Чт","Пт","Сб","Вс") -> Сб | F1: =WEEKDAY($B$1,2) -> 6
A3: Сегодня на смене
A4: Отдел | B4: Человек | C4: Мощность смены (шт)
A5: склад | B5: =SUMIFS($D$10:$D$200,$B$10:$B$200,"склад") -> 1 | C5: =SUMPRODUCT(($B$10:$B$200="склад")*N($C$10:$C$200)*N($D$10:$D$200)) -> 600
A6: производство | B6: =SUMIFS($D$10:$D$200,$B$10:$B$200,"производство") -> 1 | C6: =SUMPRODUCT(($B$10:$B$200="производство")*N($C$10:$C$200)*N($D$10:$D$200)) -> 1400
A9: ФИО | B9: Отдел | C9: Норматив | D9: Работает сегодня
A10: =Сотрудники!B2 -> Иванов И. | B10: =Сотрудники!C2 -> склад | C10: =Сотрудники!E2 -> 800 | D10: =IF(Сотрудники!$B2="","",IF(Сотрудники!$M2<>"да",0,IF(N(INDEX(Сотрудники!$F2:$L2,1,$F$1))<>1,0,IF(COUNTIFS('Отпуска и отсутствия'!$B:$B,Сотрудники!$B2,'Отпуска и отсутствия'!$D:$D,"<="&$B$1,'Отпуска и отсутствия'!$E:$E,">="&$B$1)>0,0,1)))) -> 0
A11: =Сотрудники!B3 -> Петров П. | B11: =Сотрудники!C3 -> склад | C11: =Сотрудники!E3 -> 750 | D11: =IF(Сотрудники!$B3="","",IF(Сотрудники!$M3<>"да",0,IF(N(INDEX(Сотрудники!$F3:$L3,1,$F$1))<>1,0,IF(COUNTIFS('Отпуска и отсутствия'!$B:$B,Сотрудники!$B3,'Отпуска и отсутствия'!$D:$D,"<="&$B$1,'Отпуска и отсутствия'!$E:$E,">="&$B$1)>0,0,1)))) -> 0
A12: =Сотрудники!B4 -> Сидорова А. | B12: =Сотрудники!C4 -> склад | C12: =Сотрудники!E4 -> 600 | D12: =IF(Сотрудники!$B4="","",IF(Сотрудники!$M4<>"да",0,IF(N(INDEX(Сотрудники!$F4:$L4,1,$F$1))<>1,0,IF(COUNTIFS('Отпуска и отсутствия'!$B:$B,Сотрудники!$B4,'Отпуска и отсутствия'!$D:$D,"<="&$B$1,'Отпуска и отсутствия'!$E:$E,">="&$B$1)>0,0,1)))) -> 1
A13: =Сотрудники!B5 -> Козлов В. | B13: =Сотрудники!C5 -> производство | C13: =Сотрудники!E5 -> 1600 | D13: =IF(Сотрудники!$B5="","",IF(Сотрудники!$M5<>"да",0,IF(N(INDEX(Сотрудники!$F5:$L5,1,$F$1))<>1,0,IF(COUNTIFS('Отпуска и отсутствия'!$B:$B,Сотрудники!$B5,'Отпуска и отсутствия'!$D:$D,"<="&$B$1,'Отпуска и отсутствия'!$E:$E,">="&$B$1)>0,0,1)))) -> 0
A14: =Сотрудники!B6 -> Морозова Е. | B14: =Сотрудники!C6 -> производство | C14: =Сотрудники!E6 -> 1500 | D14: =IF(Сотрудники!$B6="","",IF(Сотрудники!$M6<>"да",0,IF(N(INDEX(Сотрудники!$F6:$L6,1,$F$1))<>1,0,IF(COUNTIFS('Отпуска и отсутствия'!$B:$B,Сотрудники!$B6,'Отпуска и отсутствия'!$D:$D,"<="&$B$1,'Отпуска и отсутствия'!$E:$E,">="&$B$1)>0,0,1)))) -> 0
A15: =Сотрудники!B7 -> Новиков Д. | B15: =Сотрудники!C7 -> производство | C15: =Сотрудники!E7 -> 1400 | D15: =IF(Сотрудники!$B7="","",IF(Сотрудники!$M7<>"да",0,IF(N(INDEX(Сотрудники!$F7:$L7,1,$F$1))<>1,0,IF(COUNTIFS('Отпуска и отсутствия'!$B:$B,Сотрудники!$B7,'Отпуска и отсутствия'!$D:$D,"<="&$B$1,'Отпуска и отсутствия'!$E:$E,">="&$B$1)>0,0,1)))) -> 1
A16: =Сотрудники!B8 -> 0 | B16: =Сотрудники!C8 -> 0 | C16: =Сотрудники!E8 -> 0 | D16: =IF(Сотрудники!$B8="","",IF(Сотрудники!$M8<>"да",0,IF(N(INDEX(Сотрудники!$F8:$L8,1,$F$1))<>1,0,IF(COUNTIFS('Отпуска и отсутствия'!$B:$B,Сотрудники!$B8,'Отпуска и отсутствия'!$D:$D,"<="&$B$1,'Отпуска и отсутствия'!$E:$E,">="&$B$1)>0,0,1))))
A17: =Сотрудники!B9 -> 0 | B17: =Сотрудники!C9 -> 0 | C17: =Сотрудники!E9 -> 0 | D17: =IF(Сотрудники!$B9="","",IF(Сотрудники!$M9<>"да",0,IF(N(INDEX(Сотрудники!$F9:$L9,1,$F$1))<>1,0,IF(COUNTIFS('Отпуска и отсутствия'!$B:$B,Сотрудники!$B9,'Отпуска и отсутствия'!$D:$D,"<="&$B$1,'Отпуска и отсутствия'!$E:$E,">="&$B$1)>0,0,1))))
A18: =Сотрудники!B10 -> 0 | B18: =Сотрудники!C10 -> 0 | C18: =Сотрудники!E10 -> 0 | D18: =IF(Сотрудники!$B10="","",IF(Сотрудники!$M10<>"да",0,IF(N(INDEX(Сотрудники!$F10:$L10,1,$F$1))<>1,0,IF(COUNTIFS('Отпуска и отсутствия'!$B:$B,Сотрудники!$B10,'Отпуска и отсутствия'!$D:$D,"<="&$B$1,'Отпуска и отсутствия'!$E:$E,">="&$B$1)>0,0,1))))
A19: =Сотрудники!B11 -> 0 | B19: =Сотрудники!C11 -> 0 | C19: =Сотрудники!E11 -> 0 | D19: =IF(Сотрудники!$B11="","",IF(Сотрудники!$M11<>"да",0,IF(N(INDEX(Сотрудники!$F11:$L11,1,$F$1))<>1,0,IF(COUNTIFS('Отпуска и отсутствия'!$B:$B,Сотрудники!$B11,'Отпуска и отсутствия'!$D:$D,"<="&$B$1,'Отпуска и отсутствия'!$E:$E,">="&$B$1)>0,0,1))))
A20: =Сотрудники!B12 -> 0 | B20: =Сотрудники!C12 -> 0 | C20: =Сотрудники!E12 -> 0 | D20: =IF(Сотрудники!$B12="","",IF(Сотрудники!$M12<>"да",0,IF(N(INDEX(Сотрудники!$F12:$L12,1,$F$1))<>1,0,IF(COUNTIFS('Отпуска и отсутствия'!$B:$B,Сотрудники!$B12,'Отпуска и отсутствия'!$D:$D,"<="&$B$1,'Отпуска и отсутствия'!$E:$E,">="&$B$1)>0,0,1))))
A21: =Сотрудники!B13 -> 0 | B21: =Сотрудники!C13 -> 0 | C21: =Сотрудники!E13 -> 0 | D21: =IF(Сотрудники!$B13="","",IF(Сотрудники!$M13<>"да",0,IF(N(INDEX(Сотрудники!$F13:$L13,1,$F$1))<>1,0,IF(COUNTIFS('Отпуска и отсутствия'!$B:$B,Сотрудники!$B13,'Отпуска и отсутствия'!$D:$D,"<="&$B$1,'Отпуска и отсутствия'!$E:$E,">="&$B$1)>0,0,1))))
... A29: =Сотрудники!B21 -> 0 | B29: =Сотрудники!C21 -> 0 | C29: =Сотрудники!E21 -> 0 | D29: =IF(Сотрудники!$B21="","",IF(Сотрудники!$M21<>"да",0,IF(N(INDEX(Сотрудники!$F21:$L21,1,$F$1))<>1,0,IF(COUNTIFS('Отпуска и отсутствия'!$B:$B,Сотрудники!$B21,'Отпуска и отсутствия'!$D:$D,"<="&$B$1,'Отпуска и отсутствия'!$E:$E,">="&$B$1)>0,0,1))))
